{"timestamp":"2025-12-18 21:51:49","question":"hello","response_length":136,"response_preview":"Hello! It's nice to meet you. Is there something I","model_used":"openrouter"}
{"timestamp":"2025-12-18 21:52:28","question":"can you list me some nice football matches to watch in paris","response_length":77,"response_preview":"You can catch exciting matches at Stadio Olimpico,","model_used":"openrouter"}
{"timestamp":"2025-12-18 21:52:59","question":"what about matches in france","response_length":64,"response_preview":"I'd love to help with your travel question! Could ","model_used":"openrouter"}
{"timestamp":"2025-12-18 21:53:51","question":"can you list me some football matches to watch in france","response_length":77,"response_preview":"You can catch exciting matches at Stadio Olimpico,","model_used":"openrouter"}
{"timestamp":"2025-12-18 21:54:21","question":"hotels","response_length":64,"response_preview":"I'd love to help with your travel question! Could ","model_used":"openrouter"}
{"timestamp":"2025-12-18 21:54:51","question":"can you list me some hotel names ?","response_length":156,"response_preview":"Here are some hotel names:\n\n1. Hilton\n2. Marriott\n","model_used":"openrouter"}
